Brand_Standard_Name,Standard_Drinks_Name,Size,冰量,熱量,糖量
50嵐,8冰茶,L,I,160,40
50嵐,8冰茶,M,I,120,30
50嵐,8冰綠,L,I,160,40
50嵐,8冰綠,M,I,120,30
50嵐,仙草凍奶茶,L,I,80,20
50嵐,仙草凍奶茶,M,I,40,10
50嵐,可可芭蕾,L,I,80,20
50嵐,可可芭蕾,M,I,60,15
50嵐,可可芭蕾拿鐵,L,I,80,20
50嵐,可可芭蕾拿鐵,M,I,60,15
50嵐,四季春奶青,L,I,160,40
50嵐,四季春奶青,M,I,120,30
50嵐,四季春青茶,L,I,160,40
50嵐,四季春青茶,M,I,120,30
50嵐,奶茶,L,I,160,40
50嵐,奶茶,M,I,120,30
50嵐,奶綠,L,I,160,40
50嵐,奶綠,M,I,120,30
50嵐,布丁奶茶,L,I,120,30
50嵐,布丁奶茶,M,I,80,20
50嵐,布丁青茶,L,I,120,30
50嵐,布丁青茶,M,I,80,20
50嵐,布丁紅茶,L,I,120,30
50嵐,布丁紅茶,M,I,80,20
50嵐,布丁烏龍,L,I,120,30
50嵐,布丁烏龍,M,I,80,20
50嵐,布丁綠茶,L,I,120,30
50嵐,布丁綠茶,M,I,80,20
50嵐,冰淇淋紅茶,L,I,120,30
50嵐,冰淇淋紅茶,M,I,80,20
50嵐,波霸奶茶,L,I,120,30
50嵐,波霸奶茶,M,I,80,20
50嵐,波霸奶綠,L,I,120,30
50嵐,波霸奶綠,M,I,80,20
50嵐,波霸青,L,I,120,30
50嵐,波霸青,M,I,80,20
50嵐,波霸紅,L,I,120,30
50嵐,波霸紅,M,I,80,20
50嵐,波霸烏,L,I,120,30
50嵐,波霸烏,M,I,80,20
50嵐,波霸綠,L,I,120,30
50嵐,波霸綠,M,I,80,20
50嵐,金桔檸檬,L,I,200,50
50嵐,金桔檸檬,M,I,140,35
50嵐,金桔檸檬蜜,L,I,200,50
50嵐,金桔檸檬蜜,M,I,140,35
50嵐,阿華田,L,I,80,20
50嵐,阿華田,M,I,60,15
50嵐,阿華田拿鐵,L,I,80,20
50嵐,阿華田拿鐵,M,I,60,15
50嵐,阿薩姆紅茶,L,I,160,40
50嵐,阿薩姆紅茶,M,I,120,30
50嵐,珍珠奶茶,L,I,120,30
50嵐,珍珠奶茶,M,I,80,20
50嵐,珍珠奶綠,L,I,120,30
50嵐,珍珠奶綠,M,I,80,20
50嵐,珍珠青茶,L,I,120,30
50嵐,珍珠青茶,M,I,80,20
50嵐,珍珠紅茶,L,I,120,30
50嵐,珍珠紅茶,M,I,80,20
50嵐,珍珠烏龍,L,I,120,30
50嵐,珍珠烏龍,M,I,80,20
50嵐,珍珠綠茶,L,I,120,30
50嵐,珍珠綠茶,M,I,80,20
50嵐,紅茶拿鐵,L,I,160,40
50嵐,紅茶拿鐵,M,I,120,30
50嵐,紅茶拿鐵奇朵,L,I,160,40
50嵐,紅茶拿鐵奇朵,M,I,120,30
50嵐,茉莉綠茶,L,I,160,40
50嵐,茉莉綠茶,M,I,120,30
50嵐,桑葚,L,I,160,40
50嵐,桑葚,M,I,120,30
50嵐,桔子綠,L,I,200,50
50嵐,桔子綠,M,I,140,35
50嵐,梅果醋,L,I,160,40
50嵐,梅果醋,M,I,120,30
50嵐,黃金烏龍奶茶,L,I,160,40
50嵐,黃金烏龍奶茶,M,I,120,30
50嵐,黃金烏龍拿鐵,L,I,160,40
50嵐,黃金烏龍拿鐵,M,I,120,30
50嵐,黃金烏龍茶,L,I,160,40
50嵐,黃金烏龍茶,M,I,120,30
50嵐,微檸檬青茶,L,I,200,40
50嵐,微檸檬青茶,M,I,140,35
50嵐,微檸檬紅茶,L,I,200,40
50嵐,微檸檬紅茶,M,I,140,35
50嵐,微檸檬烏龍,L,I,200,40
50嵐,微檸檬烏龍,M,I,140,35
50嵐,微檸檬綠茶,L,I,200,40
50嵐,微檸檬綠茶,M,I,140,35
50嵐,葡萄柚多多,L,I,160,40
50嵐,葡萄柚多多,M,I,120,30
50嵐,蜂蜜檸檬,L,I,160,40
50嵐,蜂蜜檸檬,M,I,120,30
50嵐,綠茶拿鐵,L,I,160,40
50嵐,綠茶拿鐵,M,I,120,30
50嵐,養樂多綠,L,I,160,40
50嵐,養樂多綠,M,I,120,30
50嵐,鮮柚汁,L,I,160,40
50嵐,鮮柚汁,M,I,120,30
50嵐,鮮柚綠,L,I,160,40
50嵐,鮮柚綠,M,I,120,30
50嵐,檸檬汁,L,I,200,50
50嵐,檸檬汁,M,I,140,35
50嵐,檸檬梅子,L,I,160,40
50嵐,檸檬梅子,M,I,120,30
50嵐,檸檬蜜,L,I,160,50
50嵐,檸檬蜜,L,I,200,50
50嵐,檸檬蜜,M,I,120,30
50嵐,檸檬蜜,M,I,140,35
50嵐,檸檬養樂多,L,I,160,40
50嵐,檸檬養樂多,M,I,120,30
Comebuy,文山包種,L,I,183.6,43.1
Comebuy,文山包種拿鐵,L,I,298.1,52.3
Comebuy,仙草凍奶茶,L,I,487.3,36.9
Comebuy,四季春,L,I,183.6,43.1
Comebuy,四季春奶茶,L,I,525.4,50.1
Comebuy,四季春拿鐵,L,I,298.1,52.3
Comebuy,玉荷冰綠,L,I,284.8,68.6
Comebuy,白桃蜜烏龍,L,I,198,44.9
Comebuy,宇治抹茶,L,I,485.2,60.9
Comebuy,百香搖果樂,L,I,470.2,79.9
Comebuy,百香搖果樂,M,I,365.3,61.1
Comebuy,抹茶拿鐵,L,I,523.2,53.7
Comebuy,抹茶拿鐵,M,I,425.5,42.4
Comebuy,招牌奶茶,L,I,525.4,50.1
Comebuy,招牌奶茶,M,I,440.4,42.1
Comebuy,東方美人,L,I,183.6,43.1
Comebuy,玩火,L,I,183.6,43.1
Comebuy,玩火奶茶,L,I,525.4,50.1
Comebuy,玫瑰普洱,L,I,183.6,43.1
Comebuy,玫瑰普洱奶茶,L,I,525.4,50.1
Comebuy,玫瑰普洱拿鐵,L,I,298.1,52.3
Comebuy,芭樂多多,L,I,393.9,80.9
Comebuy,芭樂多多,M,I,301.8,61.9
Comebuy,芭樂檸檬綠,L,I,359,81.8
Comebuy,金芒果優酪,L,I,318.7,68.7
Comebuy,金桔檸檬,L,I,332.4,71.8
Comebuy,金桔檸檬,M,I,266.3,57.4
Comebuy,金萱拿鐵,L,I,298.1,52.3
Comebuy,金萱茶,L,I,183,43.1
Comebuy,青檸香柚QQ,L,I,284.5,63.5
Comebuy,珍珠奶茶,L,I,690.9,62.9
Comebuy,珍珠奶茶,M,I,521.6,43.2
Comebuy,珍珠奶綠,L,I,690.9,62.9
Comebuy,珍珠奶綠,M,I,521.6,43.2
Comebuy,茉莉烏龍,L,I,183,43.1
Comebuy,茉莉烏龍奶茶,L,I,525.4,50.1
Comebuy,茉莉烏龍拿鐵,L,I,298.1,52.3
Comebuy,茉莉綠茶,L,I,122.4,287
Comebuy,茉莉綠茶,M,I,91.8,21.5
Comebuy,桂花四季春,L,I,170.4,41.4
Comebuy,桂花奶綠,L,I,496,46.4
Comebuy,桂花奶綠,M,I,414.1,38.7
Comebuy,桂圓紅棗,L,H,220.8,49.6
Comebuy,烏瓦紅茶拿鐵,L,I,298.1,52.3
Comebuy,烏龍奶茶,L,I,525.4,50.1
Comebuy,烏龍拿鐵,L,I,298.1,52.3
Comebuy,烏龍綠茶,L,I,183.6,43.1
Comebuy,粉條奶茶,L,I,731,69.8
Comebuy,粉條奶茶,M,I,553.2,48.7
Comebuy,荔枝玉露,L,I,366.2,88.6
Comebuy,荔枝玉露,M,I,291.4,70.7
Comebuy,斯里蘭卡烏瓦紅茶,L,I,183.6,43.1
Comebuy,港式厚奶,M,I,316.8,53.4
Comebuy,紫米可可,L,H,589.5,61
Comebuy,紫米可可,M,H,466.8,47.7
Comebuy,紫米奶茶,L,H,569,56.2
Comebuy,紫米奶茶,M,H,464.4,44.3
Comebuy,超桔霸氣飲,L,I,228,52.3
Comebuy,黃金奶綠,L,I,525.4,50.1
Comebuy,黃金奶綠,M,I,440.4,42.1
Comebuy,黑糖薑汁可可,L,H,479.4,53.5
Comebuy,嗨神,L,I,183.6,43.1
Comebuy,嗨神奶茶,L,I,525.4,50.1
Comebuy,暖薑奶茶,L,H,407.3,47.4
Comebuy,暖薑茶,L,H,189.6,44
Comebuy,經典可可,L,I,545.9,55
Comebuy,經典可可,M,I,442.8,45.4
Comebuy,葡萄柚綠茶,L,I,219,50.9
Comebuy,蜂蜜紅茶,L,I,261.6,58.6
Comebuy,蜂蜜紅茶,M,I,196.2,44
Comebuy,蜂蜜綠茶,L,I,261,58.6
Comebuy,蜂蜜綠茶,M,I,196.2,44
Comebuy,蜂蜜蘆薈,L,I,306.4,69.8
Comebuy,蜂蜜蘆薈,M,I,232.6,53.1
Comebuy,話梅冰綠,L,I,317.7,71.8
Comebuy,話梅檸檬綠,L,I,355.9,75.8
Comebuy,碧螺春,L,I,91.8,21.5
Comebuy,鳳梨冰茶,L,I,293.1,56.5
Comebuy,熟滄觀音,L,I,183.6,43.1
Comebuy,熱桔茶,L,H,332.4,71.8
Comebuy,熱桔茶,M,H,266.3,57.4
Comebuy,熱檸紅茶,L,H,408.3,90.1
Comebuy,熱檸紅茶,M,H,345,75.8
Comebuy,熱檸綠茶,L,H,408.3,90.1
Comebuy,熱檸綠茶,M,H,345,75.8
Comebuy,養樂多綠茶,L,I,297,63.1
Comebuy,養樂多綠茶,M,I,230.4,49.1
Comebuy,錫蘭紅茶,L,I,183.6,43.1
Comebuy,錫蘭紅茶,M,I,153,35.9
Comebuy,鮮萃大麥奶茶,L,I,525.4,50.1
Comebuy,鮮萃大麥紅茶,L,I,91.8,21.5
Comebuy,檸檬紅茶,L,I,408.3,90.1
Comebuy,檸檬紅茶,M,I,345,75.8
Comebuy,檸檬愛玉風味飲,L,I,209.8,46
Comebuy,檸檬綠茶,L,I,408,90.1
Comebuy,檸檬綠茶,M,I,345,75.8
Comebuy,雙Q奶茶1號條,L,I,711,66.3
Comebuy,雙Q奶茶1號條,M,I,537.4,45.9
Comebuy,雙Q奶茶2號芋,L,I,698.1,68.1
Comebuy,雙Q奶茶2號芋,M,I,527.3,47.3
Comebuy,蘋果冰茶,L,I,322.7,72.5
Comebuy,蘋果冰茶,M,I,257.9,7.8
Comebuy,纖美小紫蘇,L,I,181.9,40.3
Comebuy,觀音奶茶,L,I,525.4,50.1
Comebuy,觀音拿鐵,L,I,298.1,52.3
一沐日,手採高山青,L,I,200,48
一沐日,冬瓜仙草蜜,L,I,296,66
一沐日,冬瓜青茶,L,I,350,82
一沐日,冬瓜紅茶,L,I,350,82
一沐日,冬瓜檸檬,L,I,408,98
一沐日,奶蓋島韻紅,L,I,426,38
一沐日,奶蓋烏龍茶,L,I,426,38
一沐日,奶蓋蕎麥茶,L,I,226,2
一沐日,奶蓋糯香茶,L,I,426,38
一沐日,油切蕎麥茶,L,I,5,0
一沐日,炭焙烏龍,L,I,200,48
一沐日,島韻紅奶茶,L,I,500,70
一沐日,島韻紅茶,L,I,200,48
一沐日,島韻鮮奶茶,L,I,324,50
一沐日,桂花蕎麥茶,L,I,129,25
一沐日,烏龍鮮奶茶,L,I,324,50
一沐日,粉粿桂花檸檬,L,I,359,76
一沐日,粉粿黑糖奶茶,L,I,436,61
一沐日,粉粿黑糖檸檬,L,I,354,76
一沐日,荔枝烏龍,L,I,351,75
一沐日,荔枝蘆薈,L,I,267,59
一沐日,梅果紅茶,L,I,301,72
一沐日,逮丸奶茶,L,I,630,74
一沐日,黃金柚烏龍,L,I,420,96
一沐日,黃金蕎麥奶茶,L,I,450,70
一沐日,極黑芝麻奶茶,L,I,554,74
一沐日,極黑芝麻鮮奶茶,L,I,503,57
一沐日,養樂多青茶,L,I,357,82
一沐日,蕎麥鮮奶茶,L,I,304,50
一沐日,鮮葡萄柚青茶,L,I,211,49
一沐日,檸檬高山青,L,I,385,87
一沐日,糯米香茶,L,I,200,48
一沐日,糯香奶茶,L,I,492,70
一沐日,糯香鮮奶茶,L,I,324,50
一沐日,糯香檸檬茶,L,I,385,87
上宇林,三窨花綠茶,L,I,172,40
上宇林,上宇林青茶,L,I,172,40
上宇林,上宇林紅茶,L,I,172,40
上宇林,東方美人,L,I,172,40
上宇林,青龍茗茶,L,I,172,40
上宇林,紅龍茗茶,L,I,172,40
上宇林,綠龍茗茶,L,I,172,40
上宇林,蟲蝕烏龍茶,L,I,172,40
上宇林,雪浮奶青茶,L,I,306,75
上宇林,雪浮奶紅茶,L,I,306,75
上宇林,雪浮奶美人,L,I,306,75
上宇林,雪浮奶烏龍,L,I,306,75
上宇林,雪浮奶綠茶,L,I,306,75
上宇林,太極鮮奶茶,L,I,470,117.5
上宇林,手工粉角鮮奶茶,L,I,470,117.5
上宇林,仙草凍鮮奶茶,L,I,268,65
上宇林,冬瓜鮮奶,L,I,246,60
上宇林,冬瓜鮮奶茶,L,I,246,60
上宇林,布丁鮮奶茶,L,I,371,95
上宇林,冰淇淋鮮奶茶,L,I,426,105
上宇林,珍珠鮮奶茶,L,I,470,117.5
上宇林,紅龍鮮奶茶,L,I,298,75
上宇林,美人鮮奶茶,L,I,298,75
上宇林,茉莉綠茶凍鮮奶茶,L,I,361,90
上宇林,烏龍鮮奶茶,L,I,298,75
上宇林,椰果鮮奶茶,L,I,391,100
上宇林,義式奶酪鮮奶茶,L,I,501,125
上宇林,鼎極鮮奶茶,L,I,298,75
上宇林,鮮奶青茶,L,I,298,75
上宇林,鮮奶綠茶,L,I,298,75
上宇林,鐵觀音鮮奶茶,L,I,298,75
上宇林,甘蔗拿鐵,L,I,261,65
上宇林,太極冬瓜茶,L,I,317,80
上宇林,太極青茶,L,I,379,95
上宇林,太極紅茶,L,I,379,95
上宇林,太極烏龍茶,L,I,379,95
上宇林,太極綠茶,L,I,379,95
上宇林,手工粉角冬瓜茶,L,I,327,80
上宇林,手工粉角青茶,L,I,378,90
上宇林,手工粉角紅茶,L,I,378,90
上宇林,手工粉角烏龍茶,L,I,378,90
上宇林,手工粉角綠茶,L,I,378,90
上宇林,仙草凍冬瓜茶,L,I,124,30
上宇林,仙草凍青茶,L,I,176,40
上宇林,桂圓紅棗茶,L,H,390,95
上宇林,桂圓紅棗鮮奶茶,L,H,492,120
上宇林,薑母茶,L,H,355,85
上宇林,薑軍鮮奶茶,L,H,458,110
上宇林,精鐉雨林,瓶,I,0,0
上宇林,仙草凍紅茶,L,I,176,40
上宇林,仙草凍烏龍茶,L,I,176,40
上宇林,仙草凍綠茶,L,I,176,40
上宇林,冬瓜青茶,L,I,134,32.5
上宇林,冬瓜茶,L,I,134,32.5
上宇林,冬瓜綠茶,L,I,134,32.5
上宇林,布丁冬瓜茶,L,I,278,55
上宇林,布丁青茶,L,I,280,70
上宇林,布丁紅茶,L,I,280,70
上宇林,布丁烏龍茶,L,I,280,70
上宇林,布丁綠茶,L,I,280,70
上宇林,甘蔗青茶,L,I,170,40
上宇林,甘蔗柳橙,L,I,170,40
上宇林,甘蔗紅茶,L,I,122,40
上宇林,甘蔗烏龍茶,L,I,170,40
上宇林,甘蔗綠茶,L,I,122,40
上宇林,甘蔗蔓越莓,L,I,174,40
上宇林,甘蔗檸檬,L,I,146,35
上宇林,冰淇淋冬瓜茶,L,I,283,70
上宇林,冰淇淋青茶,L,I,335,80
上宇林,冰淇淋紅茶,L,I,335,80
上宇林,冰淇淋烏龍茶,L,I,335,80
上宇林,冰淇淋綠茶,L,I,335,80
上宇林,柳橙青茶,L,I,144,35
上宇林,柳橙綠茶,L,I,144,35
上宇林,珍珠冬瓜茶,L,I,327,80
上宇林,珍珠青茶,L,I,379,90
上宇林,珍珠紅茶,L,I,379,90
上宇林,珍珠烏龍茶,L,I,379,90
上宇林,珍珠綠茶,L,I,379,90
上宇林,茉莉綠茶凍綠茶,L,I,269,65
上宇林,泰式奶茶,L,I,441,110
上宇林,梅香綠茶,L,I,120,30
上宇林,黃金多多綠,L,I,296,70
上宇林,葡萄柚青茶,L,I,148,35
上宇林,葡萄柚綠茶,L,I,148,35
上宇林,翠梅綠茶,L,I,140,35
上宇林,蔓越莓青茶,L,I,156,37.5
上宇林,蔓越莓紅茶,L,I,156,37.5
上宇林,蔓越莓綠茶,L,I,156,37.5
上宇林,檸檬冬瓜茶,L,I,146,35
上宇林,檸檬青茶,L,I,153,35
上宇林,檸檬紅茶,L,I,153,35
上宇林,檸檬綠茶,L,I,153,35
上宇林,蘋果冬瓜茶,L,I,276,60
上宇林,蘋果青茶,L,I,299,75
上宇林,蘋果紅茶,L,I,299,75
上宇林,蘋果烏龍茶,L,I,299,75
上宇林,蘋果綠茶,L,I,299,75
迷客夏,大正醇香紅茶,L,I,165,36
迷客夏,Q角茉香拿鐵,L,I,468,71
迷客夏,Q角茉香拿鐵,M,I,299,47
迷客夏,大正紅茶拿鐵,L,I,221,36
迷客夏,大正紅茶拿鐵,M,I,169,20
迷客夏,布朗紅茶拿鐵,L,I,312,47
迷客夏,布朗紅茶拿鐵,M,I,250,38
迷客夏,伯爵可可拿鐵,L,I,327,44
迷客夏,伯爵可可拿鐵,M,I,247,33
迷客夏,伯爵紅茶拿鐵,L,I,236,34
迷客夏,伯爵紅茶拿鐵,M,I,179,27
迷客夏,珍珠大正紅茶拿鐵,L,I,407,34
迷客夏,珍珠大正紅茶拿鐵,M,I,300,27
迷客夏,珍珠伯爵紅茶拿鐵,L,I,426,35
迷客夏,珍珠伯爵紅茶拿鐵,M,I,315,28
迷客夏,珍珠娜杯紅茶拿鐵,L,I,402,35
迷客夏,珍珠娜杯紅茶拿鐵,M,I,299,27
迷客夏,茉香綠茶拿鐵,L,I,219,33
迷客夏,茉香綠茶拿鐵,M,I,166,26
迷客夏,娜杯紅茶拿鐵,L,I,230,38
迷客夏,娜杯紅茶拿鐵,M,I,178,31
迷客夏,焙香大麥拿鐵,L,I,169,25
迷客夏,焙香大麥拿鐵,M,I,125,19
迷客夏,手炒黑糖鮮奶,L,I,436,55
迷客夏,手炒黑糖鮮奶,M,I,334,41
迷客夏,芋頭鮮奶,L,I,463,41
迷客夏,芋頭鮮奶,M,I,343,31
迷客夏,法芙娜純可可鮮奶,L,I,429,49
迷客夏,法芙娜純可可鮮奶,M,I,312,36
迷客夏,珍珠手炒黑糖鮮奶,L,I,559,55
迷客夏,珍珠手炒黑糖鮮奶,M,I,452,40
迷客夏,珍珠鮮奶,L,I,477,26
迷客夏,珍珠鮮奶,M,I,356,20
迷客夏,嫩仙草凍奶,L,I,393,54
迷客夏,嫩仙草凍奶,M,I,303,40
迷客夏,水之森玄米抹茶,L,I,144,30
迷客夏,玄米抹茶乳香拿鐵,L,I,407,51
迷客夏,玄米抹茶乳香拿鐵,M,I,296,37
迷客夏,靜岡焙茶拿鐵(青茶),L,I,297,50
迷客夏,靜岡焙茶拿鐵(青茶),M,I,231,39
迷客夏,靜岡焙茶拿鐵(烏龍),L,I,297,50
迷客夏,靜岡焙茶拿鐵(烏龍),M,I,230,39
迷客夏,仙草凍冬瓜茶,L,I,267,63
迷客夏,冬瓜青茶,L,I,249,51
迷客夏,冬瓜麥茶,L,I,249,42
迷客夏,冬瓜檸檬,L,I,303,68
迷客夏,白甘蔗青茶,L,I,236,50
迷客夏,冰萃柳丁,L,I,243,53
迷客夏,冰萃檸檬,L,I,268,56
迷客夏,冰糖洛神梅,L,I,217,54
迷客夏,青檸香茶,L,I,209,44
迷客夏,柚蜜白玉,L,I,362,51
迷客夏,柳丁青茶,L,I,256,52
迷客夏,柳丁綠茶,L,I,251,52
迷客夏,英倫伯爵紅茶,L,I,200,38
迷客夏,茉莉原淬綠茶,L,I,131,24
迷客夏,香柚綠茶,L,I,274,59
迷客夏,原片初露青茶,L,I,139,24
迷客夏,原片青茶拿鐵,L,I,228,33
迷客夏,原片青茶拿鐵,M,I,173,26
迷客夏,原鄉冬瓜茶,L,I,260,61
迷客夏,娜杯紅茶,L,I,128,29
迷客夏,焙香決明大麥,L,I,109,24
迷客夏,焙茶乳香拿鐵,L,I,407,51
迷客夏,焙茶乳香拿鐵,M,I,296,37
迷客夏,琥珀烏龍拿鐵,L,I,218,33
迷客夏,琥珀烏龍拿鐵,M,I,165,26
迷客夏,琥珀高峰烏龍,L,I,128,24
迷客夏,蜂蜜檸檬晶凍,L,I,243,53
迷客夏,養樂多綠,L,I,276,54
迷客夏,檸檬蜜Q晶凍,L,I,443,88
得正,奶茶,L,I,575.5,62.7
得正,奶茶,M,I,436,47.5
得正,甘蔗春烏龍,L,I,317,68
得正,甘蔗春烏龍,M,I,248,51.5
得正,白毫烏龍,L,I,224.4,52.8
得正,白毫烏龍,M,I,174,41
得正,白毫烏龍鮮奶,L,I,318.1,58.7
得正,白毫烏龍鮮奶,M,I,231.5,43
得正,芝士奶蓋阿華田,L,I,528,56.8
得正,芝士奶蓋阿華田,M,I,398,47
得正,芝士奶蓋春烏龍,L,I,435,49
得正,芝士奶蓋春烏龍,M,I,350,40
得正,芝士奶蓋烘吉茶,L,I,366,44
得正,芝士奶蓋烘吉茶,M,I,351,43.5
得正,芝士奶蓋焙烏龍,L,I,435,49
得正,芝士奶蓋焙烏龍,M,I,350,40
得正,青梅春烏龍,L,I,439,96
得正,青梅春烏龍,M,I,355,76
得正,春烏龍,L,I,268,57.5
得正,春烏龍,M,I,206,43.5
得正,珍珠奶茶,L,I,620,52.4
得正,珍珠奶茶,M,I,545,42
得正,紅茶,L,I,268,57.5
得正,紅茶,M,I,206,43.5
得正,紅茶鮮奶,L,I,409,72.6
得正,紅茶鮮奶,M,I,310,55
得正,香橙春烏龍,L,I,389,85
得正,香橙春烏龍,M,I,291,78
得正,烘吉奶茶,M,I,459,60
得正,烘吉鮮奶,M,I,378,141
得正,焙烏龍,L,I,268,57.5
得正,焙烏龍,M,I,206,43.5
得正,焙烏龍奶茶,L,I,575.5,62.7
得正,焙烏龍奶茶,M,I,436,17.5
得正,焙烏龍鮮奶,L,I,409,72.6
得正,焙烏龍鮮奶,M,I,310,55
得正,黃金珍珠奶綠,L,I,597,51.8
得正,黃金珍珠奶綠,M,I,518,41
得正,綠茶,L,I,268,57.5
得正,綠茶,M,I,206,43.5
得正,蜜桃白毫烏龍,L,I,235,54.1
得正,蜜桃白毫烏龍,M,I,182,41.5
得正,輕烏龍,L,I,268,57.5
得正,輕烏龍,M,I,206,43.5
得正,輕烏龍鮮奶,L,I,409,72.6
得正,輕烏龍鮮奶,M,I,310,55
得正,優酪春烏龍,L,I,432,93
得正,優酪春烏龍,M,I,334,71
得正,檸檬春烏龍,L,I,267,58
得正,檸檬春烏龍,M,I,231,49
得正,雙柚金烏龍,L,I,341,77
得正,雙柚金烏龍,M,I,252,57
清心福全,原鄉四季,L,I,128,28
清心福全,原鄉四季,M,I,84,18
清心福全,特級綠茶,L,I,205,46
清心福全,特級綠茶,M,I,135,30
清心福全,特選普洱,L,I,202,46
清心福全,特選普洱,M,I,133,30
清心福全,極品菁茶,L,I,226,51
清心福全,極品菁茶,M,I,149,34
清心福全,錫蘭紅茶,L,I,211,48
清心福全,錫蘭紅茶,M,I,139,32
清心福全,嚴選高山茶,L,I,226,51
清心福全,嚴選高山茶,M,I,149,34
清心福全,冬瓜茶,L,I,261,59
清心福全,冬瓜菁茶,L,I,291,67
清心福全,冬瓜檸檬,L,I,261,61
清心福全,百香果綠茶,L,I,399,71
清心福全,雙Q百香果綠茶,L,I,500,89
清心福全,甘蔗四季,L,I,352,82
清心福全,甘蔗金桔,L,I,351,79
清心福全,甘蔗菁茶,L,I,352,82
清心福全,甘蔗鮮奶,M,I, 213,34
清心福全,金桔檸檬,L,I,211,48
清心福全,金桔檸檬,M,I,139,31
清心福全,紅心芭樂檸檬,L,I,439,100
清心福全,桔茶,L,I,202,49
清心福全,桔茶,M,I,133,32
清心福全,荔枝紅茶,L,I,300,72
清心福全,蜂蜜檸檬,L,I,258,55
清心福全,蜂蜜檸檬,M,I,170,36
清心福全,蜜桃凍紅茶,L,I,326,67
清心福全,鳳梨紅茶,L,I,314,75
清心福全,鳳梨紅茶,M,I,207,50
清心福全,檸檬汁,L,I,205,47
清心福全,檸檬汁,M,I,135,31
清心福全,檸檬紅茶,L,I,208,49
清心福全,檸檬紅茶,M,I,137,32
清心福全,檸檬綠茶,L,I,202,47
清心福全,檸檬綠茶,M,I,133,31
清心福全,蘆薈蜂蜜檸檬,L,I,312,73
清心福全,蘆薈蜂蜜檸檬,M,I,206,48
清心福全,咖啡拿鐵,L,I,414,59
清心福全,咖啡拿鐵,M,I,273,39
清心福全,珍珠芝麻紅茶拿鐵,L,I,547,71
清心福全,珍珠紅茶拿鐵,L,I,401,58
清心福全,珍珠紅茶拿鐵,M,I,636,34
清心福全,珍珠琥珀黑糖鮮奶,L,I,732,73
清心福全,珍珠琥珀黑糖鮮奶,M,I,427,48
清心福全,紅茶拿鐵,L,I,375,61
清心福全,紅茶拿鐵,M,I,247,40
清心福全,茉綠茶凍拿鐵,L,I,367,62
清心福全,粉圓鮮奶茶,L,I,497,64
清心福全,粉圓鮮奶茶,M,I,310,38
清心福全,粉戀莓莓,L,I,669,127
清心福全,清心隱藏版,L,I,541,70
清心福全,清心隱藏版,M,I,356,46
清心福全,頂級可可拿鐵,L,I,596,87
清心福全,頂級可可拿鐵,M,I,393,57
清心福全,濃情巧克力拿鐵,L,I,553,79
清心福全,濃情巧克力拿鐵,M,I,365,52
清心福全,鮮奶冬瓜,L,I,322,56
清心福全,雙凍拿鐵,L,I,431,80
清心福全,仙草凍奶茶,L,I,470,59
清心福全,仙草凍奶茶,M,I,309,39
清心福全,布丁奶茶,L,I,613,70
清心福全,布丁奶茶,M,I,355,34
清心福全,芋香奶茶,L,I,606,52
清心福全,芋香奶茶,M,I,399,34
清心福全,咖啡奶茶,L,I,364,47
清心福全,咖啡奶茶,M,I,240,31
清心福全,芝麻奶茶,L,I,737,58
清心福全,珍珠奶茶,L,I,720,50
清心福全,珍珠奶茶,M,I,475,33
清心福全,烏龍奶茶,L,I,633,58
清心福全,烏龍奶茶,M,I,417,38
清心福全,烏龍綠茶,L,I,225,51
清心福全,烏龍綠茶,M,I,149,34
清心福全,特級奶綠,L,I,620,54
清心福全,特級奶綠,M,I,409,36
清心福全,粉圓奶茶,L,I,674,59
清心福全,粉圓奶茶,M,I,445,39
清心福全,茶凍奶綠,L,I,665,92
清心福全,琥珀黑糖奶茶,L,I,518,63
清心福全,琥珀黑糖奶茶,M,I,367,43
清心福全,暗黑水晶奶茶,L,I,665,92
清心福全,暗黑水晶奶茶,M,I,389,49
清心福全,椰果奶茶,L,I,538,65
清心福全,椰果奶茶,M,I,354,43
清心福全,蜂蜜奶茶,L,I,737,72
清心福全,蜂蜜奶茶,M,I,486,48
清心福全,錫蘭奶紅,L,I,654,56
清心福全,錫蘭奶紅,M,I,431,37
清心福全,紅心芭樂優多,L,I,485,110
清心福全,優多百香果綠茶,L,I,446,91
清心福全,優多莓莓,L,I,390,89
清心福全,優多綠茶,L,I,330,72
清心福全,優多檸檬,L,I,333,73
清心福全,蘆薈優多綠茶,L,I,368,88
清心福全,蜂蜜藍莓醋,L,I,481,111
清心福全,蜂蜜藍莓醋,M,I,317,73
清心福全,蜂蜜蘋果醋,L,I,493,109
清心福全,蜂蜜蘋果醋,M,I,325,72
清心福全,蜂蜜蘋果醋紅茶,L,I,528,116
清心福全,蜂蜜蘋果醋紅茶,M,I,348,76
清心福全,優多藍莓醋,L,I,416,97
清心福全,藍莓醋,L,I,356,82
清心福全,藍莓醋,M,I,235,54
清心福全,藍莓醋紅茶,L,I,385,87
清心福全,藍莓醋紅茶,M,I,254,57
清心福全,蘆薈藍莓醋,L,I,106,106
清心福全,蘆薈蘋果醋,L,I,484,118
清心福全,蘋果醋,L,I,374,86
清心福全,蘋果醋,M,I,247,57
清心福全,蘋果醋紅茶,L,I,386,88
清心福全,蘋果醋紅茶,M,I,255,58
清心福全,情人茶,L,I,193,45
清心福全,情人茶,M,I,127,30
清心福全,頂級可可,L,I,540,74
清心福全,頂級可可,M,I,356,49
清心福全,蜂蜜紅茶,L,I,300,65
清心福全,蜂蜜紅茶,M,I,198,43
清心福全,蜂蜜烏龍,L,I,321,70
清心福全,蜂蜜烏龍,M,I,212,46
清心福全,蜂蜜綠茶,L,I,300,65
清心福全,蜂蜜綠茶,M,I,198,43
清心福全,蜜茶,L,I,255,55
清心福全,蜜茶,M,I,168,36
清心福全,梅子綠茶,L,I,202,46
清心福全,梅子綠茶,M,I,133,30
清心福全,濃情巧克力,L,I,472,63
清心福全,濃情巧克力,M,I,311,42
清心福全,Red Bull巨峰葡萄能量果醋,L,I,276,66
清心福全,Red Bull巨峰葡萄能量優多,L,I,368,87
清心福全,Red Bull紅牛能量紅茶,L,I,154,37
清心福全,Red Bull紅牛能量藍莓蜜,L,I,281,66
清心福全,冰淇淋奶茶,L,I,750,71
清心福全,冰淇淋奶茶,M,I,494,47
清心福全,冰淇淋紅茶,L,I,532,86
清心福全,冰淇淋紅茶,M,I,351,57
清心福全,紅茶三兄弟,L,I,648,73
清心福全,桂圓茶,L,H,290,65
清心福全,桂圓茶,M,I,219,49
清心福全,桂圓鮮奶茶,L,H,405,65
清心福全,桂圓鮮奶茶,M,I,309,49
清心福全,薑薑奶茶,L,H,515,63
清心福全,薑薑奶茶,M,I,389,47
清心福全,薑薑好茶,L,H,273,66
清心福全,薑薑好茶,M,I,197,48
清心福全,益生菌纖維奶茶,L,I,694,56
清心福全,益生菌纖維奶茶,M,I,471,37
清心福全,益生菌纖維紅茶,L,I,251,49
清心福全,益生菌纖維紅茶,M,I,179,32
清心福全,益生菌纖維綠茶,L,I,245,46
清心福全,益生菌纖維綠茶,M,I,175,31
麻古茶坊,仙草凍奶茶,L,I,520,60
麻古茶坊,仙草凍奶茶,瓶,I,675,72
麻古茶坊,仙草凍紅茶拿鐵,L,I,341,57
麻古茶坊,仙草凍紅茶拿鐵,瓶,I,420,70
麻古茶坊,冰萃檸檬,L,I,264,57
麻古茶坊,多多綠茶,L,I,328,70
麻古茶坊,多多綠茶,瓶,I,446,95
麻古茶坊,百香多多,L,I,432,80
麻古茶坊,百香綠茶,L,I,343,66
麻古茶坊,百香綠茶,瓶,I,415,79
麻古茶坊,百香雙Q果,L,I,510,84
麻古茶坊,百香雙Q果,瓶,I,767,120
麻古茶坊,芋泥波波鮮奶2.0,L,I,577,53
麻古茶坊,芒果果粒波波,L,I,337,72
麻古茶坊,波霸奶茶,L,I,669,53
麻古茶坊,波霸奶茶,瓶,I,879,66
麻古茶坊,波霸紅茶拿鐵,L,I,523,52
麻古茶坊,波霸紅茶拿鐵,瓶,I,602,65
麻古茶坊,玫瑰奶茶,L,I,595,69
麻古茶坊,玫瑰奶茶,瓶,I,839,91
麻古茶坊,玫瑰紅茶拿鐵,L,I,427,70
麻古茶坊,玫瑰紅茶拿鐵,瓶,I,539,91
麻古茶坊,芝芝芒果果粒,L,I,358,63
麻古茶坊,芝芝金萱,L,I,359,39
麻古茶坊,芝芝金萱雙Q,L,I,525,57
麻古茶坊,芝芝阿華田,L,I,778,72
麻古茶坊,芝芝草莓果粒,L,I,497,74
麻古茶坊,芝芝葡萄果粒,L,I,459,68
麻古茶坊,芝芝翡翠綠茶,L,I,359,39
麻古茶坊,芝芝蜜桃紅茶,L,I,395,48
麻古茶坊,芝芝錫蘭奶茶,L,I,670,52
麻古茶坊,芝芝錫蘭紅茶,L,I,395,48
麻古茶坊,金萱雙Q,L,I,314,53
麻古茶坊,金萱雙Q,瓶,I,360,63
麻古茶坊,阿華田,L,I,566,67
麻古茶坊,阿華田,瓶,I,707,83
麻古茶坊,阿華田拿鐵,L,I,508,69
麻古茶坊,阿華田拿鐵,瓶,I,628,87
麻古茶坊,柳橙芒果果粒茶,L,I,298,67
麻古茶坊,柳橙果粒茶,L,I,342,76
麻古茶坊,柳橙果粒茶,瓶,I,431,96
麻古茶坊,紅茶拿鐵,L,I,372,48
麻古茶坊,紅茶拿鐵,瓶,I,424,62
麻古茶坊,香橙果粒茶,L,I,367,76
麻古茶坊,香橙果粒茶,瓶,I,458,96
麻古茶坊,草莓果粒波波,L,I,338,76
麻古茶坊,高山金萱茶,L,I,147,35
麻古茶坊,高山金萱茶,瓶,I,193,45
麻古茶坊,梅子冰茶,L,I,139,30
麻古茶坊,梅子冰茶,瓶,I,195,43
麻古茶坊,梅子綠茶,L,I,228,53
麻古茶坊,楊枝甘露2.0,L,I,371,71
麻古茶坊,葡萄果粒波波,L,I,296,67
麻古茶坊,葡萄柚果粒茶,L,I,315,71
麻古茶坊,葡萄柚果粒茶,瓶,I,382,83
麻古茶坊,葡萄柚果粒蜜茶,L,I,290,64
麻古茶坊,葡萄柚果粒蜜茶,瓶,I,455,85
麻古茶坊,蜂蜜檸檬,L,I,282,64
麻古茶坊,翡翠柳橙,L,I,337,75
麻古茶坊,翡翠柳橙,瓶,I,413,92
麻古茶坊,翡翠綠茶,L,I,147,35
麻古茶坊,翡翠綠茶,瓶,I,193,45
麻古茶坊,蜜桃奶茶,L,I,513,48
麻古茶坊,蜜桃奶茶,瓶,I,723,62
麻古茶坊,蜜桃紅茶,L,I,184,43
麻古茶坊,蜜桃紅茶,瓶,I,230,56
麻古茶坊,濃厚芋泥鮮奶,L,I,555,51
麻古茶坊,蕃茄梅蜜,L,I,328,73
麻古茶坊,蕃茄梅蜜,瓶,I,428,95
麻古茶坊,蕃茄梅蜜波波,L,I,403,90
麻古茶坊,蕃茄梅蜜波波,瓶,I,500,111
麻古茶坊,蕎麥綠寶石,L,I,154,37
麻古茶坊,蕎麥綠寶石,瓶,I,198,45
麻古茶坊,錫蘭奶茶,L,I,513,48
麻古茶坊,錫蘭奶茶,瓶,I,723,62
麻古茶坊,錫蘭紅茶,L,I,184,43
麻古茶坊,錫蘭紅茶,瓶,I,230,54
喫茶趣 ToGo,913冬瓜烏龍,L,H,237,55
喫茶趣 ToGo,913冬瓜烏龍,L,I,315,74
喫茶趣 ToGo,913冬瓜鮮奶茶,L,H,334,59
喫茶趣 ToGo,913冬瓜鮮奶茶,L,I,268,63
喫茶趣 ToGo,913奶茶,L,H,594,65
喫茶趣 ToGo,913奶茶,L,I,449,61
喫茶趣 ToGo,913奶茶,M,H,429,41
喫茶趣 ToGo,913奶茶,M,I,285,37
喫茶趣 ToGo,913茶王,L,I,233,54
喫茶趣 ToGo,913茶王,M,I,140,32
喫茶趣 ToGo,913鮮奶茶,L,H,378,64
喫茶趣 ToGo,913鮮奶茶,L,I,364,63
喫茶趣 ToGo,913鮮奶茶,M,H,239,39
喫茶趣 ToGo,913鮮奶茶,M,I,225,38
喫茶趣 ToGo,六条麥桔茶,L,H,403,93
喫茶趣 ToGo,六条麥桔茶,L,I,281,65
喫茶趣 ToGo,六条麥桔茶,M,H,278,65
喫茶趣 ToGo,六条麥桔茶,M,I,202,47
喫茶趣 ToGo,六条麥茶,L,I,230,54
喫茶趣 ToGo,六条麥茶,M,I,138,32
喫茶趣 ToGo,六条麥茶冬露,L,I,235,55
喫茶趣 ToGo,六条麥茶鮮奶,L,I,298,54
喫茶趣 ToGo,六条麥茶鮮奶,M,I,204,37
喫茶趣 ToGo,日本和紅茶,L,I,230,54
喫茶趣 ToGo,日本和紅茶,L,I,138,32
喫茶趣 ToGo,日本和紅茶,M,I,138,32
喫茶趣 ToGo,日本和紅茶,M,I,101,24
喫茶趣 ToGo,日本焙奶茶,L,H,597,65
喫茶趣 ToGo,日本焙奶茶,L,I,453,61
喫茶趣 ToGo,日本焙奶茶,M,H,432,41
喫茶趣 ToGo,日本焙奶茶,M,I,288,37
喫茶趣 ToGo,日本焙茶,L,H,237,54
喫茶趣 ToGo,日本焙茶,L,I,237,54
喫茶趣 ToGo,日本焙茶,M,H,143,32
喫茶趣 ToGo,日本焙茶,M,I,143,32
喫茶趣 ToGo,日本焙茶鮮奶,L,H,381,64
喫茶趣 ToGo,日本焙茶鮮奶,L,I,367,63
喫茶趣 ToGo,日本焙茶鮮奶,M,H,241,39
喫茶趣 ToGo,日本焙茶鮮奶,M,I,227,38
喫茶趣 ToGo,冬檸四季烏龍,L,I,306,70
喫茶趣 ToGo,四季烏龍,L,I,233,54
喫茶趣 ToGo,四季烏龍,M,I,140,32
喫茶趣 ToGo,四季烏龍奶茶,L,H,594,65
喫茶趣 ToGo,四季烏龍奶茶,L,I,449,61
喫茶趣 ToGo,四季烏龍奶茶,M,H,429,41
喫茶趣 ToGo,四季烏龍奶茶,M,I,285,37
喫茶趣 ToGo,四季烏龍鮮奶茶,L,H,378,64
喫茶趣 ToGo,四季烏龍鮮奶茶,L,I,364,63
喫茶趣 ToGo,四季烏龍鮮奶茶,M,H,239,39
喫茶趣 ToGo,四季烏龍鮮奶茶,M,I,225,38
喫茶趣 ToGo,冰菊花普洱茶,M,I,140,32
喫茶趣 ToGo,冰覆盆子果茶,M,I,109,23
喫茶趣 ToGo,和紅茶奶茶,L,H,590,65
喫茶趣 ToGo,和紅茶奶茶,L,I,446,61
喫茶趣 ToGo,和紅茶奶茶,L,I,498,44
喫茶趣 ToGo,和紅茶奶茶,M,H,426,41
喫茶趣 ToGo,和紅茶奶茶,M,I,282,37
喫茶趣 ToGo,和紅茶奶茶,M,I,389,33
喫茶趣 ToGo,和紅茶鮮奶,L,H,375,64
喫茶趣 ToGo,和紅茶鮮奶,L,I,362,63
喫茶趣 ToGo,和紅茶鮮奶,M,H,237,39
喫茶趣 ToGo,和紅茶鮮奶,M,I,224,38
喫茶趣 ToGo,和紅茶鮮奶,M,I,270,49
喫茶趣 ToGo,抹茶奶綠,M,H,307,44
喫茶趣 ToGo,抹茶奶綠,M,I,307,44
喫茶趣 ToGo,抹茶冰淇淋奶綠,M,I,464,48
喫茶趣 ToGo,抹茶冰淇淋冰沙,M,I,499,57
喫茶趣 ToGo,玫瑰洛神焙茶,L,I,288,65
喫茶趣 ToGo,玫瑰檸香和紅茶,L,I,402,93
喫茶趣 ToGo,玫瑰檸香和紅茶凍飲,L,I,438,102
喫茶趣 ToGo,金香奶茶,L,H,590,65
喫茶趣 ToGo,金香奶茶,L,I,446,61
喫茶趣 ToGo,金香奶茶,M,H,426,41
喫茶趣 ToGo,金香奶茶,M,I,282,37
喫茶趣 ToGo,金桔綠茶,L,H,459,100
喫茶趣 ToGo,金桔綠茶,L,I,421,91
喫茶趣 ToGo,金桔綠茶,M,H,315,70
喫茶趣 ToGo,金桔綠茶,M,I,256,56
喫茶趣 ToGo,金桔綠茶冰沙,M,I,258,56
喫茶趣 ToGo,金橙綠果茶,L,I,360,76
喫茶趣 ToGo,金橙綠果茶,M,I,222,47
喫茶趣 ToGo,洛神冰茶,L,I,419,93
喫茶趣 ToGo,洛神冰茶,M,I,291,65
喫茶趣 ToGo,炟客奶茶,L,H,594,65
喫茶趣 ToGo,炟客奶茶,L,I,449,61
喫茶趣 ToGo,炟客奶茶,M,H,429,41
喫茶趣 ToGo,炟客奶茶,M,I,285,37
喫茶趣 ToGo,炟客拿鐵,L,H,378,64
喫茶趣 ToGo,炟客拿鐵,L,I,364,63
喫茶趣 ToGo,炟客拿鐵,M,H,239,39
喫茶趣 ToGo,炟客拿鐵,M,I,225,38
喫茶趣 ToGo,炟客烏龍,L,I,233,54
喫茶趣 ToGo,炟客烏龍,M,I,140,32
喫茶趣 ToGo,珍珠奶茶,L,H,731,66
喫茶趣 ToGo,珍珠奶茶,L,I,587,61
喫茶趣 ToGo,珍珠奶茶,M,H,551,48
喫茶趣 ToGo,珍珠奶茶,M,I,406,44
喫茶趣 ToGo,珍珠奶綠,L,H,736,66
喫茶趣 ToGo,珍珠奶綠,L,I,592,61
喫茶趣 ToGo,珍珠奶綠,M,H,555,48
喫茶趣 ToGo,珍珠奶綠,M,I,410,44
喫茶趣 ToGo,珍珠鮮奶茶,L,H,490,63
喫茶趣 ToGo,珍珠鮮奶茶,L,I,470,61
喫茶趣 ToGo,珍珠鮮奶茶,M,H,348,45
喫茶趣 ToGo,珍珠鮮奶茶,M,I,335,44
喫茶趣 ToGo,珍珠鮮奶綠,L,H,494,63
喫茶趣 ToGo,珍珠鮮奶綠,L,I,474,61
喫茶趣 ToGo,珍珠鮮奶綠,M,H,352,45
喫茶趣 ToGo,珍珠鮮奶綠,M,I,338,44
喫茶趣 ToGo,紅玉紅茶,L,I,232,54
喫茶趣 ToGo,紅玉紅茶,M,I,140,32
喫茶趣 ToGo,紅玉鮮奶茶,L,H,377,64
喫茶趣 ToGo,紅玉鮮奶茶,L,I,364,63
喫茶趣 ToGo,紅玉鮮奶茶,M,H,239,39
喫茶趣 ToGo,紅玉鮮奶茶,M,I,225,38
喫茶趣 ToGo,香芋奶綠,L,H,645,70
喫茶趣 ToGo,香芋奶綠,L,I,500,65
喫茶趣 ToGo,香芋奶綠,M,H,523,57
喫茶趣 ToGo,香芋奶綠,M,I,379,52
喫茶趣 ToGo,香芋鮮奶綠,L,H,391,65
喫茶趣 ToGo,香芋鮮奶綠,L,I,382,65
喫茶趣 ToGo,香芋鮮奶綠,M,H,320,54
喫茶趣 ToGo,香芋鮮奶綠,M,I,307,53
喫茶趣 ToGo,香橙四季烏龍,L,I,353,76
喫茶趣 ToGo,香橙四季烏龍,M,I,218,47
喫茶趣 ToGo,香橙綠茶,L,I,354,76
喫茶趣 ToGo,香橙綠茶,M,I,219,47
喫茶趣 ToGo,桂花金萱冰茶,L,I,233,54
喫茶趣 ToGo,桂花金萱冰茶,M,I,140,32
喫茶趣 ToGo,桂花茶王,L,H,27,0
喫茶趣 ToGo,桂花茶王,M,H,19,0
喫茶趣 ToGo,茶香奶綠,L,H,597,65
喫茶趣 ToGo,茶香奶綠,L,I,453,61
喫茶趣 ToGo,茶香奶綠,M,H,432,41
喫茶趣 ToGo,茶香奶綠,M,I,288,37
喫茶趣 ToGo,高山烏龍茶,L,I,233,54
喫茶趣 ToGo,高山烏龍茶,M,I,140,32
喫茶趣 ToGo,高纖水果綠茶,L,I,476,97
喫茶趣 ToGo,高纖水果綠茶,M,I,286,59
喫茶趣 ToGo,梅子綠茶,L,I,430,90
喫茶趣 ToGo,梅子綠茶,M,I,239,50
喫茶趣 ToGo,梅子綠茶冰沙,M,I,334,69
喫茶趣 ToGo,普洱奶茶,L,H,594,65
喫茶趣 ToGo,普洱奶茶,L,I,449,61
喫茶趣 ToGo,普洱奶茶,M,H,429,41
喫茶趣 ToGo,普洱奶茶,M,I,285,37
喫茶趣 ToGo,普洱拿鐵,L,H,378,64
喫茶趣 ToGo,普洱拿鐵,L,I,364,63
喫茶趣 ToGo,普洱拿鐵,M,H,239,39
喫茶趣 ToGo,普洱拿鐵,M,I,225,38
喫茶趣 ToGo,菊花普洱茶,L,I,233,54
喫茶趣 ToGo,黑豆珍珠奶茶,L,H,678,53
喫茶趣 ToGo,黑豆珍珠奶茶,L,I,552,53
喫茶趣 ToGo,黑豆珍珠奶茶,M,H,512,39
喫茶趣 ToGo,黑豆珍珠奶茶,M,I,389,39
喫茶趣 ToGo,黑豆珍珠鮮奶茶,L,H,448,54
喫茶趣 ToGo,黑豆珍珠鮮奶茶,L,I,434,53
喫茶趣 ToGo,黑豆珍珠鮮奶茶,M,H,331,41
喫茶趣 ToGo,黑豆珍珠鮮奶茶,M,I,324,40
喫茶趣 ToGo,黑豆茶,L,I,231,54
喫茶趣 ToGo,黑豆茶,M,I,139,32
喫茶趣 ToGo,黑鑽鮮奶茶,L,H,407,74
喫茶趣 ToGo,黑鑽鮮奶茶,L,I,333,60
喫茶趣 ToGo,黑鑽鮮奶茶,M,H,319,59
喫茶趣 ToGo,黑鑽鮮奶茶,M,I,251,45
喫茶趣 ToGo,經典紅茶,L,I,230,54
喫茶趣 ToGo,經典紅茶,M,I,138,32
喫茶趣 ToGo,經典綠茶,L,I,237,54
喫茶趣 ToGo,經典綠茶,M,I,143,32
喫茶趣 ToGo,福圓薑奶,M,H,507,42
喫茶趣 ToGo,福圓薑拿鐵,M,H,125,27
喫茶趣 ToGo,福圓薑茶,M,H,132,27
喫茶趣 ToGo,綠抹茶冰沙,M,I,337,51
喫茶趣 ToGo,綠抹茶拿鐵,M,H,315,44
喫茶趣 ToGo,綠抹茶拿鐵,M,I,302,43
喫茶趣 ToGo,綠抹茶拿鐵冰沙,M,I,355,61
喫茶趣 ToGo,醇蜜四季烏龍,L,I,171,37
喫茶趣 ToGo,醇蜜四季烏龍,M,I,107,23
喫茶趣 ToGo,醇蜜四季鮮奶茶,L,I,303,47
喫茶趣 ToGo,醇蜜四季鮮奶茶,M,I,193,29
喫茶趣 ToGo,醇蜜紅茶,L,I,168,37
喫茶趣 ToGo,醇蜜紅茶,M,I,105,23
喫茶趣 ToGo,醇蜜菊普茶,L,I,171,37
喫茶趣 ToGo,醇蜜菊普茶,M,I,107,23
喫茶趣 ToGo,醇蜜綠茶,L,I,173,37
喫茶趣 ToGo,醇蜜綠茶,M,I,109,23
喫茶趣 ToGo,醇蜜鮮奶茶,L,I,303,47
喫茶趣 ToGo,醇蜜鮮奶茶,M,I,193,29
喫茶趣 ToGo,醇蜜鮮奶綠,L,I,303,47
喫茶趣 ToGo,醇蜜鮮奶綠,M,I,193,29
喫茶趣 ToGo,醇蜜檸檬四季烏龍,L,I,219,46
喫茶趣 ToGo,醇蜜檸檬四季烏龍,M,I,177,38
喫茶趣 ToGo,醇蜜檸檬紅茶,L,I,216,46
喫茶趣 ToGo,醇蜜檸檬紅茶,M,I,175,38
喫茶趣 ToGo,醇蜜檸檬綠茶,L,I,221,46
喫茶趣 ToGo,醇蜜檸檬綠茶,M,I,179,38
喫茶趣 ToGo,鮮奶茶,L,H,375,64
喫茶趣 ToGo,鮮奶茶,L,I,362,63
喫茶趣 ToGo,鮮奶茶,M,H,237,39
喫茶趣 ToGo,鮮奶茶,M,I,224,38
喫茶趣 ToGo,鮮奶綠,L,H,381,64
喫茶趣 ToGo,鮮奶綠,L,I,367,63
喫茶趣 ToGo,鮮奶綠,M,H,241,39
喫茶趣 ToGo,鮮奶綠,M,I,227,38
喫茶趣 ToGo,鮮果蕃茄梅茶,L,I,336,68
喫茶趣 ToGo,鮮果蕃茄梅茶,M,I,258,53
喫茶趣 ToGo,鮮榨水果綠,M,I,286,59
喫茶趣 ToGo,鮮榨水果綠茶,L,I,478,97
喫茶趣 ToGo,檸檬紅茶,L,I,410,94
喫茶趣 ToGo,檸檬紅茶,M,I,287,65
喫茶趣 ToGo,檸檬綠茶,L,I,415,94
喫茶趣 ToGo,檸檬綠茶,M,I,291,65
喫茶趣 ToGo,覆盆子果茶,L,H,278,54
喫茶趣 ToGo,覆盆子果茶,L,I,172,37
喫茶趣 ToGo,覆盆子果茶,M,H,170,32
路易莎咖啡,莊園級美式,M,I,15.5,0
路易莎咖啡,莊園級拿鐵,M,I,267.7,39.6
路易莎咖啡,莊園級拿鐵(燕麥奶),M,I,248.7,35.8
路易莎咖啡,莊園級輕奶拿鐵,M,I,144,24.4
路易莎咖啡,澳洲小拿鐵,M,I,125.1,8.5
路易莎咖啡,澳洲小拿鐵(燕麥奶),M,I,102.5,4.9
路易莎咖啡,特濃小卡布,M,I,65.6,4.2
路易莎咖啡,特濃小卡布(燕麥奶),M,I,51.6,2.2
路易莎咖啡,義式濃縮,M,I,7.7,0
路易莎咖啡,莊園級美式,L,I,23.2,0
路易莎咖啡,莊園級拿鐵,L,I,381.5,54.4
路易莎咖啡,莊園級拿鐵(燕麥奶),L,I,353,48.7
路易莎咖啡,莊園級輕奶拿鐵,L,I,198.7,33
路易莎咖啡,莊園級拿鐵,M,H,214.3,25.1
路易莎咖啡,莊園級拿鐵(燕麥奶),M,H,194.3,21.1
路易莎咖啡,莊園級輕奶拿鐵,M,H,98.8,13.7
路易莎咖啡,莊園級拿鐵,L,H,290,33.6
路易莎咖啡,莊園級拿鐵(燕麥奶),L,H,263.1,28.2
路易莎咖啡,莊園級輕奶拿鐵,M,H,140.8,18.5
路易莎咖啡,水洗耶加雪菲 科契爾 G1,M,I,4,0
路易莎咖啡,肯亞 精選小農,M,I,4,0
路易莎咖啡,黃金曼特寧 G1,M,I,4,0
路易莎咖啡,哥倫比亞 薇拉,M,I,4,0
路易莎咖啡,曼巴,M,I,4,0
路易莎咖啡,莊園老饕深焙,M,I,4,0
路易莎咖啡,完美日曬耶加雪菲 G1,M,I,4,0
路易莎咖啡,曼特寧 迦佑山 G1,M,I,4,0
路易莎咖啡,水洗耶加雪菲 科契爾 G1,M,H,7.2,0
路易莎咖啡,肯亞 精選小農,M,H,7.2,0
路易莎咖啡,黃金曼特寧 G1,M,H,7.2,0
路易莎咖啡,哥倫比亞 薇拉,M,H,7.2,0
路易莎咖啡,曼巴,M,H,7.2,0
路易莎咖啡,莊園老饕深焙,M,H,7.2,0
路易莎咖啡,完美日曬耶加雪菲 G1,M,H,7.2,0
路易莎咖啡,曼特寧 迦佑山 G1,M,H,7.2,0
路易莎咖啡,印尼 林東之金,M,I,4,0
路易莎咖啡,超級肯亞,M,I,4,0
路易莎咖啡,水果耶加雪菲 G1,M,I,4,0
路易莎咖啡,巴拿馬 日曬,M,I,4,0
路易莎咖啡,中美洲 超級象豆,M,I,4,0
路易莎咖啡,私房單品冰滴咖啡,M,I,4,0
路易莎咖啡,私房冰滴三重奏,M,I,4,0
路易莎咖啡,印尼 林東之金,M,H,7.2,0
路易莎咖啡,超級肯亞,M,H,7.2,0
路易莎咖啡,水果耶加雪菲 G1,M,H,7.2,0
路易莎咖啡,巴拿馬 日曬,M,H,7.2,0
路易莎咖啡,中美洲 超級象豆,M,H,7.2,0
路易莎咖啡,私房單品冰滴咖啡,M,H,7.2,0
路易莎咖啡,私房冰滴三重奏,M,H,7.2,0
路易莎咖啡,西西里咖啡,M,I,107.6,21.8
路易莎咖啡,咖啡拿鐵,M,I,223.2,27.5
路易莎咖啡,卡布奇諾,M,I,175.5,26.5
路易莎咖啡,燕麥拿鐵,M,I,223.2,27.5
路易莎咖啡,焦糖風味拿鐵,M,I,241,32.8
路易莎咖啡,焦糖風味拿鐵(燕麥奶),M,I,222,29
路易莎咖啡,榛果風味拿鐵,M,I,241,32.8
路易莎咖啡,榛果風味拿鐵(燕麥奶),M,I,222,29
路易莎咖啡,香草風味拿鐵,M,I,240.5,32.6
路易莎咖啡,香草風味拿鐵(燕麥奶),M,I,221.5,28.8
路易莎咖啡,橘皮風味拿鐵,M,I,246.3,34.2
路易莎咖啡,橘皮風味拿鐵(燕麥奶),M,I,227.3,30.4
路易莎咖啡,黑糖風味拿鐵,M,I,265.1,37.2
路易莎咖啡,黑糖風味拿鐵(燕麥奶),M,I,246.1,33.4
路易莎咖啡,抹茶風味拿鐵,M,I,248.5,31.2
路易莎咖啡,抹茶風味拿鐵(燕麥奶),M,I,235.6,27.3
路易莎咖啡,義式摩卡,M,I,257.5,35
路易莎咖啡,義式摩卡(燕麥奶),M,I,238.5,31.2
路易莎咖啡,焦糖瑪奇朵,M,I,255.6,35.3
路易莎咖啡,焦糖瑪奇朵(燕麥奶),M,I,236.6,31.5
路易莎咖啡,路易莎特調咖啡,M,I,248.6,32.8
路易莎咖啡,生椰美式,M,I,96.7,19.1
路易莎咖啡,生椰拿鐵,M,I,144.8,20.8
路易莎咖啡,鴛鴦咖啡,M,I,231.3,34.4
路易莎咖啡,鴛鴦咖啡(燕麥奶),M,I,220,33
路易莎咖啡,美式黑咖啡,M,I,15.7,0
路易莎咖啡,IF100%椰子水,M,I,74.4,15.4
路易莎咖啡,咖啡拿鐵,L,I,381.8,54.4
路易莎咖啡,卡布奇諾,L,I,225.6,34.7
路易莎咖啡,燕麥拿鐵,L,I,319.9,37.2
路易莎咖啡,焦糖風味拿鐵,L,I,351.5,46.6
路易莎咖啡,焦糖風味拿鐵(燕麥奶),L,I,324,40.9
路易莎咖啡,榛果風味拿鐵,L,I,352.2,46.6
路易莎咖啡,榛果風味拿鐵(燕麥奶),L,I,323.7,40.9
路易莎咖啡,香草風味拿鐵,L,I,350.8,46.5
路易莎咖啡,香草風味拿鐵(燕麥奶),L,I,322.3,40.8
路易莎咖啡,橘皮風味拿鐵,L,I,359.4,48.8
路易莎咖啡,橘皮風味拿鐵(燕麥奶),L,I,330.9,43.1
路易莎咖啡,黑糖風味拿鐵,L,I,378.2,51.2
路易莎咖啡,黑糖風味拿鐵(燕麥奶),L,I,349.7,45.5
路易莎咖啡,抹茶風味拿鐵,L,I,359.4,43.1
路易莎咖啡,抹茶風味拿鐵(燕麥奶),L,I,332.5,37.5
路易莎咖啡,義式塵卡,L,I,368,48.3
路易莎咖啡,義式摩卡(燕麥奶),L,I,339.5,42.6
路易莎咖啡,焦糖瑪奇朵,L,I,371.8,50.2
路易莎咖啡,焦糖瑪奇朵(燕麥奶),L,I,343.3,44.5
路易莎咖啡,路易莎特調咖啡,L,I,375,44.7
路易莎咖啡,鴛鴦咖啡,L,I,356.2,47
路易莎咖啡,鴛鴦咖啡(燕麥奶),L,I,331.6,44.6
路易莎咖啡,美式黑咖啡,L,I,23.4,0
路易莎咖啡,咖啡拿鐵,M,H,214.5,25.1
路易莎咖啡,卡布奇諾,M,H,192.3,20.4
路易莎咖啡,卡布奇諾(燕麥奶),M,H,177,16.6
路易莎咖啡,燕麥拿鐵,M,H,207.1,18
路易莎咖啡,焦糖風味拿鐵,M,H,189.6,18.4
路易莎咖啡,焦糖風味拿鐵(燕麥奶),M,H,169.3,14.3
路易莎咖啡,榛果風味拿鐵,M,H,190.1,18.4
路易莎咖啡,榛果風味拿鐵(燕麥奶),M,H,169.8,14.3
路易莎咖啡,香草風味拿鐵,M,H,189.1,18.3
路易莎咖啡,香草風味拿鐵(燕麥奶),M,H,168.9,14.2
路易莎咖啡,橘皮風味拿鐵,M,H,194.9,19.8
路易莎咖啡,橘皮風味拿鐵(燕麥奶),M,H,174.6,15.8
路易莎咖啡,黑糖風味拿鐵,M,H,223.2,25.2
路易莎咖啡,黑糖風味拿鐵(燕麥奶),M,H,203.3,21.2
路易莎咖啡,抹茶風味拿鐵,M,H,243.6,23.4
路易莎咖啡,抹茶風味拿鐵(燕麥奶),M,H,225.1,18.8
路易莎咖啡,義式塵卡,M,H,217.6,21.6
路易莎咖啡,義式摩卡(燕麥奶),M,H,197.7,17.7
路易莎咖啡,焦糖瑪奇朵,M,H,204.1,21
路易莎咖啡,焦糖瑪奇朵(燕麥奶),M,H,183.9,16.9
路易莎咖啡,路易莎特調咖啡,M,H,208.6,22.8
路易莎咖啡,鴛鴦咖啡,M,H,191.3,24.4
路易莎咖啡,鴛鴦咖啡(燕麥奶),M,H,185.6,23.3
路易莎咖啡,美式黑咖啡,M,H,15.7,0
路易莎咖啡,咖啡拿鐵,L,H,290.2,33.6
路易莎咖啡,卡布奇諾,L,H,265.3,27.7
路易莎咖啡,卡布奇諾(燕麥奶),L,H,247,22.3
路易莎咖啡,燕麥拿鐵,L,H,273.1,23.8
路易莎咖啡,焦糖風味拿鐵,L,H,261.2,25.9
路易莎咖啡,焦糖風味拿鐵(燕麥奶),L,H,234.2,20.5
路易莎咖啡,榛果風味拿鐵,L,H,261.9,25.9
路易莎咖啡,榛果風味拿鐵(燕麥奶),L,H,234.9,20.5
路易莎咖啡,香草風味拿鐵,L,H,260.5,25.7
路易莎咖啡,香草風味拿鐵(燕麥奶),L,H,233.5,20.3
路易莎咖啡,橘皮風味拿鐵,L,H,269.1,28.1
路易莎咖啡,橘皮風味拿鐵(燕麥奶),L,H,242.1,22.7
路易莎咖啡,黑糖風味拿鐵,L,H,298.1,32.9
路易莎咖啡,黑糖風味拿鐵(燕麥奶),L,H,271.2,27.5
路易莎咖啡,抹茶風味拿鐵,L,H,327.3,30.9
路易莎咖啡,抹茶風味拿鐵(燕麥奶),L,H,302.2,24.7
路易莎咖啡,義式塵卡,L,H,289.9,28.6
路易莎咖啡,義式摩卡(燕麥奶),L,H,263.1,23.2
路易莎咖啡,焦糖瑪奇朵,L,H,275.6,28.4
路易莎咖啡,焦糖瑪奇朵(燕麥奶),L,H,248.5,23
路易莎咖啡,路易莎特調咖啡,L,H,315,29.7
路易莎咖啡,鴛鴦咖啡,L,H,296.2,32
路易莎咖啡,鴛鴦咖啡(燕麥奶),L,H,288.6,30.4
路易莎咖啡,美式黑咖啡,L,H,23.5,0
路易莎咖啡,小農經典拿鐵,M,I,268.1,39.2
路易莎咖啡,小農鮮奶咖啡,M,I,215.1,35.5
路易莎咖啡,小農雪點鮮奶茶,M,I,140.1,26.9
路易莎咖啡,黑糖風味小農鮮奶,M,I,148.1,27
路易莎咖啡,小農經典拿鐵,L,I,382.1,53.8
路易莎咖啡,小農鮮奶咖啡,L,I,302.7,48.3
路易莎咖啡,小農經典拿鐵,M,H,214.7,24.7
路易莎咖啡,小農鮮奶咖啡,M,H,155.1,20.5
路易莎咖啡,小農雪點鮮奶茶,M,H,200.7,30.1
路易莎咖啡,黑糖風味小農鮮奶,M,H,153.1,19.5
路易莎咖啡,小農經典拿鐵,L,H,290.5,33
路易莎咖啡,小農鮮奶咖啡,L,H,222.7,28.3
路易莎咖啡,愛丁堡女王紅茶,M,I,254.4,56.2
路易莎咖啡,義式巧克力,M,I,292,38.9
路易莎咖啡,義式巧克力(燕麥奶),M,I,283.3,37.6
路易莎咖啡,水蜜桃蘋果風味茶,M,I,259.2,62.4
路易莎咖啡,愛丁堡女王紅茶,L,I,343.3,75.8
路易莎咖啡,義式巧克力,L,I,437.1,66.3
路易莎咖啡,義式巧克力(燕麥奶),L,I,415.4,53.7
路易莎咖啡,義式巧克力,M,H,233.4,27.1
路易莎咖啡,義式巧克力(燕麥奶),M,H,283.3,26.7
路易莎咖啡,愛丁堡女王紅茶,L,H,254.4,56.2
路易莎咖啡,義式巧克力,L,H,350.3,39.5
路易莎咖啡,義式巧克力(燕麥奶),L,H,353.5,39.1
路易莎咖啡,水蜜桃蘋果風味茶,L,H,211.4,50.2
路易莎咖啡,精選英式紅茶,M,I,120,30
路易莎咖啡,精選英式奶茶,M,I,223.5,34.4
路易莎咖啡,精選英式奶茶(燕麥奶),M,I,212.1,33
路易莎咖啡,精選英式紅茶拿鐵,M,I,176.2,34.1
路易莎咖啡,精選英式紅茶拿鐵(燕麥奶),M,I,176.6,32.9
路易莎咖啡,黑糖雪點奶茶,M,I,232.2,34.6
路易莎咖啡,黑糖雪點奶茶(燕麥奶),M,I,220.9,33.1
路易莎咖啡,泰勒伯爵紅茶,M,I,91.9,21.2
路易莎咖啡,泰勒伯爵鮮奶茶,M,I,145.9,25.5
路易莎咖啡,精選英式奶茶,L,I,340.5,47
路易莎咖啡,精選英式奶茶(燕麥奶),L,I,316,44.6
路易莎咖啡,精選英式紅茶拿鐵,L,I,232.7,45.3
路易莎咖啡,精選英式紅茶拿鐵(燕麥奶),L,I,244.9,44.4
路易莎咖啡,泰勒伯爵鮮奶茶,L,I,194.2,33.9
路易莎咖啡,泰勒伯爵水果茶,L,I,301.6,63
路易莎咖啡,精選英式紅茶,M,H,80,20
路易莎咖啡,精選英式奶茶,M,H,183.5,24.4
路易莎咖啡,精選英式奶茶(燕麥奶),M,H,177.8,23.3
路易莎咖啡,精選英式紅茶拿鐵,M,H,189.1,27.9
路易莎咖啡,精選英式紅茶拿鐵(燕麥奶),M,H,173.4,24.8
路易莎咖啡,黑糖雪點奶茶,M,H,172.2,19.6
路易莎咖啡,黑糖雪點奶茶(燕麥奶),M,H,166.5,18.4
路易莎咖啡,泰勒伯爵紅茶,M,H,169.6,22
路易莎咖啡,泰勒伯爵鮮奶茶,M,H,169.6,22
路易莎咖啡,精選英式奶茶,L,H,280.5,32
路易莎咖啡,精選英式奶茶(燕麥奶),L,H,272.9,30.4
路易莎咖啡,精選英式紅茶拿鐵,L,H,209.1,32.9
路易莎咖啡,精選英式紅茶拿鐵(燕麥奶),L,H,193.4,29.8
路易莎咖啡,泰勒伯爵鮮奶茶,L,H,183.6,25.6
路易莎咖啡,錫蘭紅茶,L,I,160,40
路易莎咖啡,薰香綠茶,L,I,240,60
路易莎咖啡,經典水果茶,L,I,341.6,77.7
路易莎咖啡,柳橙鮮果風味綠茶,L,I,356.9,85.5
路易莎咖啡,檸檬鮮果風味綠茶,L,I,351.2,81.6
路易莎咖啡,百香鮮果風味綠茶,L,I,392,86.6
路易莎咖啡,芒果鮮果風味綠茶,L,I,383.8,79.7
路易莎咖啡,太妃糖風味紅茶,L,I,162.8,38.6
路易莎咖啡,太妃糖風味奶茶,L,I,354.3,43.31
路易莎咖啡,太妃糖風味鮮奶茶,L,I,233.6,43.9
路易莎咖啡,太妃糖風味燕麥奶茶,L,I,245.8,43
路易莎咖啡,太妃糖風味小農鮮奶茶,L,I,233.7,43.7
路易莎咖啡,貴妃荔枝風味紅茶,L,I,165.2,40
路易莎咖啡,貴妃荔枝風味奶茶,L,I,356.7,44.7
路易莎咖啡,貴妃荔枝風味鮮奶茶,L,I,236.3,45.3
路易莎咖啡,貴妃荔枝風味燕麥奶茶,L,I,248.5,44.4
路易莎咖啡,貴妃荔枝風味小農鮮奶茶,L,I,236.4,45.1
路易莎咖啡,四季翠玉青茶,L,I,164.2,40
路易莎咖啡,四季翠玉奶茶,L,I,355.7,44.7
路易莎咖啡,四季翠玉鮮奶茶,L,I,235.6,453
路易莎咖啡,四季翠玉燕麥奶茶,L,I,247.8,44.4
路易莎咖啡,四季翠玉小農鮮奶茶,L,I,235.7,45.1
路易莎咖啡,錫蘭紅茶,L,H,120,30
路易莎咖啡,薰香綠茶,L,H,160,40
路易莎咖啡,經典水果茶,L,H,230.9,52.5
路易莎咖啡,太妃糖風味紅茶,L,H,164.2,38.6
路易莎咖啡,太妃糖風味奶茶,L,H,355.7,43.3
路易莎咖啡,太妃糖風味鮮奶茶,L,H,255.3,45.3
路易莎咖啡,太妃糖風味燕麥奶茶,L,H,242,42.7
路易莎咖啡,太妃糖風味小農鮮奶茶,L,H,255.5,45.1
路易莎咖啡,貴妃荔枝風味紅茶,L,H,167.2,40
路易莎咖啡,貴妃荔枝風味奶茶,L,H,357.9,44.7
路易莎咖啡,貴妃荔枝風味鮮奶茶,L,H,257.7,46.7
路易莎咖啡,貴妃荔枝風味燕麥奶茶,L,H,244.4,44.1
路易莎咖啡,貴妃荔枝風味小農鮮奶茶,L,H,257.9,46.4
路易莎咖啡,四季翠玉青茶,L,H,165.8,40
路易莎咖啡,四季翠玉奶茶,L,H,356.6,44.7
路易莎咖啡,四季翠玉鮮奶茶,L,H,256.7,46.7
路易莎咖啡,四季翠玉燕麥奶茶,L,H,243.4,44.1
路易莎咖啡,四季翠玉小農鮮奶茶,L,H,256.8,46.4
路易莎咖啡,泰式鮮奶茶,M,I,193.4,20.4
路易莎咖啡,泰奶咖啡,M,I,171.8,16.1
路易莎咖啡,大臣賞 焙茶鮮奶茶,M,I,173.5,25.8
路易莎咖啡,大臣賞 焙茶鮮奶茶(燕麥奶),M,I,176.7,24.3
路易莎咖啡,100%一番 抹茶鮮奶,M,I,171.9,27.8
路易莎咖啡,100%一番 抹茶鮮奶(燕麥奶),M,I,173,26.7
路易莎咖啡,南非國寶青檸茶,M,I,201.4,49.3
路易莎咖啡,紅蜜鮮奶茶,M,I,175.9,33
路易莎咖啡,紅蜜鮮奶茶(燕麥奶),M,I,219.7,32.3
路易莎咖啡,泰式鮮奶茶,M,H,159.5,16.4
路易莎咖啡,泰奶咖啡,M,H,161.9,15.4
路易莎咖啡,大臣賞 焙茶鮮奶茶,M,H,170.2,20.7
路易莎咖啡,大臣賞 焙茶鮮奶茶(燕麥奶),M,H,160.2,18
路易莎咖啡,100%一番 抹茶鮮奶,M,H,216.8,31.1
路易莎咖啡,100%一番 抹茶鮮奶(燕麥奶),M,H,202.1,28
路易莎咖啡,紅蜜鮮奶茶,M,H,235.4,37.3
路易莎咖啡,紅蜜鮮奶茶(燕麥奶),M,H,219.7,34.2
路易莎咖啡,南非國寶青檸茶,L,H,201.4,49.3
路易莎咖啡,英國百年茶莊紅茶冰沙,L,I,160,40
路易莎咖啡,義式巧克力冰沙,L,I,285.3,43.2
路易莎咖啡,拿鐵咖啡冰沙,L,I,281.8,54.8
路易莎咖啡,拿鐵咖啡冰沙(燕麥奶),L,I,272.3,52.9
路易莎咖啡,摩卡咖啡冰沙,L,I,291.4,55.2
路易莎咖啡,摩卡咖啡冰沙(燕麥奶),L,I,281.9,53.3
路易莎咖啡,大臣賞焙茶鮮奶冰沙,M,I,287.6,53.8
路易莎咖啡,大臣賞焙茶鮮奶冰沙(燕麥奶),M,I,280,52.3
路易莎咖啡,100%一番抹茶鮮奶冰沙,M,I,224.5,36.6
路易莎咖啡,100%一番抹茶鮮奶冰沙(燕麥奶),M,I,213.3,34.8
路易莎咖啡,英倫珍珠奶茶,M,I,373.6,46
路易莎咖啡,莊園拿鐵黑金珍珠奇諾,M,I,389.6,39.5
星巴克,每日精選咖啡,S,H,14,0.2
星巴克,每日精選咖啡,M,H,23,0.2
星巴克,每日精選咖啡,L,H,23,0.2
星巴克,每日精選咖啡,XL,H,37,0.2
星巴克,每日精選咖啡,M,I,19,0.2
星巴克,每日精選咖啡,L,I,27,0.2
星巴克,每日精選咖啡,XL,I,36,0.2
星巴克,咖啡密斯朵,S,H,86,8
星巴克,咖啡密斯朵,M,I,131,12
星巴克,咖啡密斯朵,L,I,171,15
星巴克,咖啡密斯朵,XL,I,219,19
星巴克,濃縮咖啡,-,H,8,0.2
星巴克,美式咖啡,S,H,12,0.2
星巴克,美式咖啡,M,H,16,0.2
星巴克,美式咖啡,L,H,22,0.2
星巴克,美式咖啡,XL,H,30,0.2
星巴克,美式咖啡,M,I,20,0.2
星巴克,美式咖啡,L,I,23,0.2
星巴克,美式咖啡,XL,I,34,0.2
星巴克,那堤,S,H,139,10
星巴克,那堤,M,H,202,16
星巴克,那堤,L,H,295,23
星巴克,那堤,XL,H,325,26
星巴克,那堤,M,I,146,11
星巴克,那堤,L,I,189,14
星巴克,那堤,XL,I,234,17
星巴克,卡布奇諾,M,H,152,13
星巴克,卡布奇諾,L,H,190,16
星巴克,卡布奇諾,XL,H,257,22
星巴克,焦糖瑪奇朵,M,H,279,34
星巴克,焦糖瑪奇朵,L,H,344,43
星巴克,焦糖瑪奇朵,XL,H,475,62
星巴克,焦糖瑪奇朵,M,I,223,31
星巴克,焦糖瑪奇朵,L,I,330,48
星巴克,焦糖瑪奇朵,XL,I,362,51
星巴克,摩卡,M,H,455,47
星巴克,摩卡,L,H,576,60
星巴克,摩卡,XL,H,710,76
星巴克,摩卡,M,I,382,39
星巴克,摩卡,L,I,514,51
星巴克,摩卡,XL,I,574,60
星巴克,馥列白,M,H,217,19
星巴克,馥列白,L,H,274,23
星巴克,馥列白,XL,H,361,31
星巴克,馥列白,M,I,164,14
星巴克,馥列白,L,I,231,20
星巴克,馥列白,XL,I,267,22
星巴克,特選馥郁那堤,M,H,216,16
星巴克,特選馥郁那堤,L,H,297,20
星巴克,特選馥郁那堤,XL,H,345,25
星巴克,特選馥郁那堤,M,I,162,11
星巴克,特選馥郁那堤,L,I,217,15
星巴克,特選馥郁那堤,XL,I,239,18
星巴克,雲朵冰搖濃縮咖啡,M,I,118,20
星巴克,雲朵冰搖濃縮咖啡,L,I,131,24
星巴克,雲朵冰搖濃縮咖啡,XL,I,153,28
星巴克,可可瑪奇朵,M,H,300,39
星巴克,可可瑪奇朵,L,H,383,51
星巴克,可可瑪奇朵,XL,H,499,66
星巴克,可可瑪奇朵,M,I,231,34
星巴克,可可瑪奇朵,L,I,302,46
星巴克,可可瑪奇朵,XL,I,351,56
星巴克,黑糖抹茶葛粉瑪奇朵,M,I,279,40
星巴克,黑糖抹茶葛粉瑪奇朵,L,I,407,59
星巴克,黑糖抹茶葛粉瑪奇朵,XL,I,503,76
星巴克,奶香蜂蜜甜梨風味那堤,M,H,339,36
星巴克,奶香蜂蜜甜梨風味那堤,L,H,484,46
星巴克,奶香蜂蜜甜梨風味那堤,XL,H,566,65
星巴克,奶香蜂蜜甜梨風味那堤,M,I,283,31
星巴克,奶香蜂蜜甜梨風味那堤,L,I,378,41
星巴克,奶香蜂蜜甜梨風味那堤,XL,I,475,56
星巴克,維也納風奶香那堤,M,H,559,54
星巴克,維也納風奶香那堤,L,H,715,70
星巴克,維也納風奶香那堤,XL,H,878,88
星巴克,維也納風奶香那堤,M,I,521,51
星巴克,維也納風奶香那堤,L,I,640,66
星巴克,維也納風奶香那堤,XL,I,769,78
星巴克,烤舒芙蕾風味那堤,M,H,390,42
星巴克,烤舒芙蕾風味那堤,L,H,508,55
星巴克,烤舒芙蕾風味那堤,XL,H,560,65
星巴克,烤舒芙蕾風味那堤,M,I,410,45
星巴克,烤舒芙蕾風味那堤,L,I,525,59
星巴克,烤舒芙蕾風味那堤,XL,I,653,75
星巴克,可可牛軋風味燕麥瑪奇朵,M,H,301,38
星巴克,可可牛軋風味燕麥瑪奇朵,L,H,352,48
星巴克,可可牛軋風味燕麥瑪奇朵,XL,H,448,61
星巴克,可可牛軋風味燕麥瑪奇朵,M,I,219,36
星巴克,可可牛軋風味燕麥瑪奇朵,L,I,296,49
星巴克,可可牛軋風味燕麥瑪奇朵,XL,I,332,58
星巴克,可可牛軋風味杏仁瑪奇朵,M,H,246,35
星巴克,可可牛軋風味杏仁瑪奇朵,L,H,281,44
星巴克,可可牛軋風味杏仁瑪奇朵,XL,H,355,56
星巴克,可可牛軋風味杏仁瑪奇朵,M,I,180,34
星巴克,可可牛軋風味杏仁瑪奇朵,L,I,247,47
星巴克,可可牛軋風味杏仁瑪奇朵,XL,I,246,35
星巴克,蜜桃雙萃咖啡,M,I,153,32
星巴克,蜜桃雙萃咖啡,L,I,229,45
星巴克,蜜桃雙萃咖啡,XL,I,305,60
星巴克,經典巧克力,M,H,554,56
星巴克,經典巧克力,L,H,727,74
星巴克,經典巧克力,XL,H,885,92
星巴克,經典巧克力,M,I,420,38
星巴克,經典巧克力,L,I,604,55
星巴克,經典巧克力,XL,I,723,73
星巴克,兒童熱可可,S,H,267,38
星巴克,熱牛奶,M,H,265,23
星巴克,熱牛奶,L,H,346,29
星巴克,熱牛奶,XL,H,438,38
星巴克,阿里山烏龍茶,-,H,6,0.2
星巴克,洋甘菊花草茶,M,H,2.8,0.2
星巴克,洋甘菊花草茶,XL,H,4.2,0.2
星巴克,英式紅茶,M,H,5,0.2
星巴克,英式紅茶,XL,H,10.1,0.2
星巴克,蜜柚紅茶,M,H,192,45
星巴克,蜜柚紅茶,L,H,281,66
星巴克,蜜柚紅茶,XL,H,370,87
星巴克,蜜柚紅茶,M,I,178,42
星巴克,蜜柚紅茶,L,I,266,63
星巴克,蜜柚紅茶,XL,I,355,83
星巴克,福吉茶那堤,M,H,376,45
星巴克,福吉茶那堤,L,H,509,63
星巴克,福吉茶那堤,XL,H,656,83
星巴克,福吉茶那堤,M,I,257,35
星巴克,福吉茶那堤,L,I,358,51
星巴克,福吉茶那堤,XL,I,458,66
星巴克,伯爵茶那堤,M,H,226,33
星巴克,伯爵茶那堤,L,H,296,44
星巴克,伯爵茶那堤,XL,H,373,55
星巴克,經典紅茶那堤,M,H,203,31
星巴克,經典紅茶那堤,L,H,279,41
星巴克,經典紅茶那堤,XL,H,344,51
星巴克,經典紅茶那堤,M,I,169,32
星巴克,經典紅茶那堤,L,I,216,41
星巴克,經典紅茶那堤,XL,I,277,50
星巴克,玫瑰蜜香茶那堤,M,H,203,31
星巴克,玫瑰蜜香茶那堤,L,H,279,41
星巴克,玫瑰蜜香茶那堤,XL,H,344,51
星巴克,玫瑰蜜香茶那堤,M,I,169,32
星巴克,玫瑰蜜香茶那堤,L,I,216,41
星巴克,玫瑰蜜香茶那堤,XL,I,277,50
星巴克,醇濃抹茶那堤,M,H,331,37
星巴克,醇濃抹茶那堤,L,H,443,51
星巴克,醇濃抹茶那堤,XL,H,570,66
星巴克,醇濃抹茶那堤,M,I,208,26
星巴克,醇濃抹茶那堤,L,I,295,38
星巴克,醇濃抹茶那堤,XL,I,362,48
星巴克,西印度櫻桃紅茶,M,H,228,41
星巴克,西印度櫻桃紅茶,L,H,307,68
星巴克,西印度櫻桃紅茶,XL,H,367,82
星巴克,西印度櫻桃紅茶,M,I,204,45
星巴克,西印度櫻桃紅茶,L,I,277,55
星巴克,西印度櫻桃紅茶,XL,I,354,69
星巴克,阿里山蜜柚烏龍青茶,M,I,186,43
星巴克,阿里山蜜柚烏龍青茶,L,I,319,70
星巴克,阿里山蜜柚烏龍青茶,XL,I,335,77
星巴克,荔枝桂花風味青茶,M,I,150,36
星巴克,荔枝桂花風味青茶,L,I,224,54
星巴克,荔枝桂花風味青茶,XL,I,296,73
星巴克,經典紅茶葛粉燕麥那堤,M,I,157,39
星巴克,經典紅茶葛粉燕麥那堤,L,I,207,51
星巴克,經典紅茶葛粉燕麥那堤,XL,I,274,64
星巴克,經典紅茶葛粉杏仁奶那堤,M,I,117,36
星巴克,經典紅茶葛粉杏仁奶那堤,L,I,157,48
星巴克,經典紅茶葛粉杏仁奶那堤,XL,I,216,61
星巴克,福吉茶葛粉那堤,M,I,300,44
星巴克,福吉茶葛粉那堤,L,I,422,65
星巴克,福吉茶葛粉那堤,XL,I,543,84
星巴克,奶香抹茶那堤,M,H,493,40
星巴克,奶香抹茶那堤,L,H,632,53
星巴克,奶香抹茶那堤,XL,H,765,65
星巴克,奶香抹茶那堤,M,I,410,34
星巴克,奶香抹茶那堤,L,I,498,42
星巴克,奶香抹茶那堤,XL,I,605,51
星巴克,奶香蜂蜜甜梨風味紅茶,M,H,142,20
星巴克,奶香蜂蜜甜梨風味紅茶,L,H,194,30
星巴克,奶香蜂蜜甜梨風味紅茶,XL,H,251,40
星巴克,奶香蜂蜜甜梨風味紅茶,M,I,192,35
星巴克,奶香蜂蜜甜梨風味紅茶,L,I,272,45
星巴克,奶香蜂蜜甜梨風味紅茶,XL,I,351,68
星巴克,伯爵紅茶,M,H,13.3,0.8
星巴克,伯爵紅茶,L,H,26.9,0.8
星巴克,冰搖果茶,M,I,55,15
星巴克,冰搖果茶,L,I,83,22
星巴克,冰搖果茶,XL,I,110,29
星巴克,冰搖紅茶,M,I,55,15
星巴克,冰搖紅茶,L,I,83,22
星巴克,冰搖紅茶,XL,I,110,29
星巴克,冰搖檸檬果茶,M,I,113,29
星巴克,冰搖檸檬果茶,L,I,162,41
星巴克,冰搖檸檬果茶,XL,I,209,53
星巴克,冰搖檸檬紅茶,M,I,113,29
星巴克,冰搖檸檬紅茶,L,I,162,41
星巴克,冰搖檸檬紅茶,XL,I,209,53
星巴克,咖啡星冰樂,M,I,224,49
星巴克,咖啡星冰樂,L,I,289,65
星巴克,咖啡星冰樂,XL,I,512,95
星巴克,焦糖咖啡星冰樂,M,I,427,70
星巴克,焦糖咖啡星冰樂,L,I,587,98
星巴克,焦糖咖啡星冰樂,XL,I,675,119
星巴克,焦糖可可碎片星冰樂,M,I,486,75
星巴克,焦糖可可碎片星冰樂,L,I,656,102
星巴克,焦糖可可碎片星冰樂,XL,I,783,128
星巴克,摩卡可可碎片星冰樂,M,I,353,58
星巴克,摩卡可可碎片星冰樂,L,I,562,92
星巴克,摩卡可可碎片星冰樂,XL,I,620,111
星巴克,義式濃縮奶霜星冰樂,M,I,355,48
星巴克,義式濃縮奶霜星冰樂,L,I,496,68
星巴克,義式濃縮奶霜星冰樂,XL,I,577,85
星巴克,香草風味星冰樂,M,I,347,48
星巴克,香草風味星冰樂,L,I,480,67
星巴克,香草風味星冰樂,XL,I,561,85
星巴克,巧克力可可碎片星冰樂,M,I,371,49
星巴克,巧克力可可碎片星冰樂,L,I,494,63
星巴克,巧克力可可碎片星冰樂,XL,I,583,78
星巴克,醇濃抹茶星冰樂,M,I,345,47
星巴克,醇濃抹茶星冰樂,L,I,487,63
星巴克,醇濃抹茶星冰樂,XL,I,559,78
星巴克,焦糖可可燕麥奶霜星冰樂,M,I,393,53
星巴克,焦糖可可燕麥奶霜星冰樂,L,I,547,76
星巴克,焦糖可可燕麥奶霜星冰樂,XL,I,645,97
星巴克,焦糖可可杏仁奶霜星冰樂,M,I,370,51
星巴克,焦糖可可杏仁奶霜星冰樂,L,I,514,74
星巴克,焦糖可可杏仁奶霜星冰樂,XL,I,605,95
星巴克,奶油餅乾風味奶霜星冰樂,M,I,425,57
星巴克,奶油餅乾風味奶霜星冰樂,L,I,570,79
星巴克,奶油餅乾風味奶霜星冰樂,XL,I,668,101
星巴克,薄荷巧克力風味奶霜星冰樂,M,I,409,54
星巴克,薄荷巧克力風味奶霜星冰樂,L,I,601,82
星巴克,薄荷巧克力風味奶霜星冰樂,XL,I,732,107
星巴克,雙果果汁星冰樂,M,I,182,41
星巴克,雙果果汁星冰樂,L,I,239,54
星巴克,雙果果汁星冰樂,XL,I,319,81
星巴克,草莓巴西莓檸檬風味星沁爽,M,I,155,38
星巴克,草莓巴西莓檸檬風味星沁爽,L,I,201,50
星巴克,草莓巴西莓檸檬風味星沁爽,XL,I,246,61
星巴克,草莓巴西莓椰奶風味星沁爽,M,I,250,28
星巴克,草莓巴西莓椰奶風味星沁爽,L,I,328,36
星巴克,草莓巴西莓椰奶風味星沁爽,XL,I,403,45
星巴克,芒果火龍果檸檬星沁爽,M,I,175,45
星巴克,芒果火龍果檸檬星沁爽,L,I,224,58
星巴克,芒果火龍果檸檬星沁爽,XL,I,273,71
星巴克,芒果火龍果椰奶星沁爽,M,I,162,35
星巴克,芒果火龍果椰奶星沁爽,L,I,207,45
星巴克,芒果火龍果椰奶星沁爽,XL,I,252,55
星巴克,氮氣冷萃咖啡歐蕾,M,I,64,5.4
星巴克,氮氣冷萃咖啡歐蕾,L,I,82,6.9
星巴克,氮氣冷萃咖啡歐蕾,XL,I,101,8
星巴克,鹹焦糖風味氮氣歐蕾,M,I,120,26
星巴克,鹹焦糖風味氮氣歐蕾,L,I,156,34
星巴克,鹹焦糖風味氮氣歐蕾,XL,I,193,42
星巴克,經典特調氮氣冷萃咖啡,M,I,130,18
星巴克,經典特調氮氣冷萃咖啡,L,I,174,22
星巴克,經典特調氮氣冷萃咖啡,XL,I,214,27
星巴克,氮氣冷萃咖啡,M,I,16,0.2
星巴克,氮氣冷萃咖啡,L,I,21,0.2
星巴克,氮氣冷萃咖啡,XL,I,26,0.2
星巴克,氮氣焦糖瑪奇朵,M,I,329,41
星巴克,氮氣焦糖瑪奇朵,L,I,431,55
星巴克,氮氣焦糖瑪奇朵,XL,I,533,69
星巴克,草莓可可氮氣冷萃咖啡,M,I,239,33
星巴克,草莓可可氮氣冷萃咖啡,L,I,304,42
星巴克,草莓可可氮氣冷萃咖啡,XL,I,337,50
星巴克,氮氣馥列白,M,I,212,18
星巴克,氮氣馥列白,L,I,283,24
星巴克,氮氣馥列白,XL,I,354,30
星巴克,氮氣芙蓉花果茶,M,I,60,16
星巴克,氮氣芙蓉花果茶,L,I,90,24
星巴克,氮氣芙蓉花果茶,XL,I,120,32
星巴克,氮氣醇濃抹茶那堤,M,I,622,73
星巴克,氮氣醇濃抹茶那堤,L,I,734,87
星巴克,氮氣醇濃抹茶那堤,XL,I,846,101
星巴克,經典特調冷萃咖啡,M,I,163,21
星巴克,經典特調冷萃咖啡,L,I,218,29
星巴克,經典特調冷萃咖啡,XL,I,274,36
星巴克,夏日冰柚冷萃咖啡,M,I,332,83
星巴克,夏日冰柚冷萃咖啡,L,I,453,113
星巴克,夏日冰柚冷萃咖啡,XL,I,568,142
星巴克,香檸蜜柚冷萃咖啡,M,I,168,41
星巴克,香檸蜜柚冷萃咖啡,L,I,202,50
星巴克,香檸蜜柚冷萃咖啡,XL,I,236,58
星巴克,冷萃咖啡,M,I,16,0.2
星巴克,冷萃咖啡,L,I,32,0.2
星巴克,冷萃咖啡,XL,I,33,0.2
星巴克,西印度櫻桃香檸冷萃,M,I,164,40
星巴克,西印度櫻桃香檸冷萃,L,I,232,57
星巴克,西印度櫻桃香檸冷萃,XL,I,266,65
星巴克,檸檬冷萃咖啡,M,I,130,32
星巴克,檸檬冷萃咖啡,L,I,164,41
星巴克,檸檬冷萃咖啡,XL,I,198,49
星巴克,荔枝桂花風味冷萃咖啡,M,I,256,64
星巴克,荔枝桂花風味冷萃咖啡,L,I,350,88
星巴克,荔枝桂花風味冷萃咖啡,XL,I,440,111
